1,Belmont Boy's Secondary School,Student Support,,0,0,0,0,0,2018-03-26,52
2,Cowen Hamilton Secondary School,Student Support,,0,0,0,0,0,2018-03-26,8
3,Debe Secondary School,Student Support,,0,0,0,0,0,2018-03-26,10
4,San Fernando Central Secondary School,Student Support,,0,0,0,0,0,2018-03-26,38
5,St. Benedict's College,Student Support,,0,0,0,0,0,2018-03-26,46
6,St. Stephen's College,Student Support,,0,0,0,0,0,2018-03-26,60
7,Trinity College Moka,Student Support,,0,0,0,0,0,2018-03-26,67
8,Ministry of Education Victoria District Office,Student Support,,0,0,0,0,0,2018-03-26,995
9,Woodbrook Secondary School,Student Support,,0,0,0,0,0,2018-03-26,71
10,St. Anthony's College,Student Support,,0,0,0,0,0,2018-03-26,49
11,Kenson,Technical Training,,0,0,0,0,0,2018-03-26,996
12,ATC,Technical Training,,0,0,0,0,0,2018-03-26,997
13,MIC,Technical Training,,0,0,0,0,0,2018-03-26,998
14,UWI,Student Support,,0,0,0,0,0,2018-03-26,999
15,NESC,Technical Training,,0,0,0,0,0,2018-03-26,994
